pcon19nm,long,lat
Aldershot,-0.784100000000000,51.288951869999998
Aldridge-Brownhills,-1.931660060000000,52.620868680000001
Altrincham and Sale West,-2.390490060000000,53.397659299999994
Amber Valley,-1.397699950000000,53.042831419999999
Arundel and South Downs,-0.426350000000000,50.928710940000002
Ashfield,-1.254199980000000,53.098331450000003
Ashford,0.795167030000000,51.115261080000003
Ashton-under-Lyne,-2.116110090000000,53.495029449999997
Aylesbury,-0.812829970000000,51.688621519999998
Banbury,-1.402600050000000,52.000099179999999
Barking,0.105303000000000,51.540798190000004
Barnsley Central,-1.492280010000000,53.572368619999999
Barnsley East,-1.401980040000000,53.539108280000001
Barrow and Furness,-3.147039890000000,54.252071380000004
Basildon and Billericay,0.440099000000000,51.605659480000000
Basingstoke,-1.066419960000000,51.263240809999999
Bassetlaw,-0.953159990000000,53.358428960000005
Bath,-2.364990000000000,51.378189090000006
Batley and Spen,-1.689739940000000,53.723758699999998
Battersea,-0.165999990000000,51.465381620000002
Beaconsfield,-0.584840000000000,51.559440609999996
Beckenham,0.012564000000000,51.385120390000004
Bedford,-0.460720000000000,52.126338959999998
Bermondsey and Old Southwark,-0.073350000000000,51.493389129999997
Berwick-upon-Tweed,-1.931750060000000,55.401069640000003
Bethnal Green and Bow,-0.050380000000000,51.527690890000002
Beverley and Holderness,-0.128920000000000,53.758609770000000
Bexhill and Battle,0.453908000000000,50.944671630000002
Bexleyheath and Crayford,0.157459010000000,51.462581629999995
Birkenhead,-3.046730040000000,53.386840820000003
"Birmingham, Edgbaston",-1.964630010000000,52.449131010000002
"Birmingham, Erdington",-1.845559950000000,52.531829830000000
"Birmingham, Hall Green",-1.876360060000000,52.440528870000001
"Birmingham, Hodge Hill",-1.841230030000000,52.486728669999998
"Birmingham, Ladywood",-1.897220020000000,52.491081240000000
"Birmingham, Northfield",-1.973659990000000,52.413139340000001
"Birmingham, Perry Barr",-1.912469980000000,52.524669650000000
"Birmingham, Selly Oak",-1.907359960000000,52.424888609999996
"Birmingham, Yardley",-1.810189960000000,52.460929870000001
Bishop Auckland,-1.986209990000000,54.591510770000006
Blackburn,-2.500499960000000,53.747261049999999
Blackley and Broughton,-2.240269900000000,53.514099120000004
Blackpool North and Cleveleys,-3.019999980000000,53.886810300000000
Blackpool South,-3.021389960000000,53.797088619999997
Blaydon,-1.725880030000000,54.931301120000001
Blyth Valley,-1.560950040000000,55.092758180000004
Bognor Regis and Littlehampton,-0.659590010000000,50.796348569999999
Bolsover,-1.282989980000000,53.196758269999997
Bolton North East,-2.410530090000000,53.608139039999998
Bolton South East,-2.428940060000000,53.552970890000005
Bolton West,-2.537240030000000,53.569690700000002
Bootle,-2.996959920000000,53.467651369999999
Boston and Skegness,0.052108000000000,53.028118130000003
Bosworth,-1.417549970000000,52.608768460000000
Bournemouth East,-1.836779950000000,50.742389680000002
Bournemouth West,-1.905550000000000,50.745761870000003
Bracknell,-0.799470010000000,51.380111690000000
Bradford East,-1.736920000000000,53.796520229999999
Bradford South,-1.761199950000000,53.759780880000001
Bradford West,-1.811820030000000,53.800758359999996
Braintree,0.578648980000000,51.964069369999997
Brent Central,-0.248330000000000,51.552928919999999
Brent North,-0.297549990000000,51.566360469999999
Brentford and Isleworth,-0.322730000000000,51.480419160000004
Brentwood and Ongar,0.266180990000000,51.677799220000004
Bridgwater and West Somerset,-3.401439910000000,51.121181489999998
Brigg and Goole,-0.843029980000000,53.576179499999995
"Brighton, Kemptown",-0.090680000000000,50.824161530000005
"Brighton, Pavilion",-0.137040000000000,50.852359770000000
Bristol East,-2.542040110000000,51.450649259999999
Bristol North West,-2.648989920000000,51.501098629999994
Bristol South,-2.599560020000000,51.423881530000003
Bristol West,-2.585740090000000,51.465778350000001
Broadland,1.217576980000000,52.745128630000004
Bromley and Chislehurst,0.054539000000000,51.414218900000002
Bromsgrove,-2.003760100000000,52.361690520000003
Broxbourne,-0.057860000000000,51.731498719999998
Broxtowe,-1.245010020000000,53.009689330000000
Buckingham,-0.875530000000000,51.894950870000002
Burnley,-2.230799910000000,53.774059299999998
Burton,-1.936149950000000,52.910079959999997
Bury North,-2.314209940000000,53.617839810000000
Bury South,-2.298010110000000,53.554939270000006
Bury St Edmunds,0.848119020000000,52.246681209999998
Calder Valley,-1.950140000000000,53.710998540000006
Camberwell and Peckham,-0.072460000000000,51.469490049999997
Camborne and Redruth,-5.204579830000000,50.190780640000000
Cambridge,0.126436000000000,52.200168609999999
Cannock Chase,-1.982769970000000,52.701660159999996
Canterbury,1.085446950000000,51.260768890000001
Carlisle,-2.940010070000000,54.862129209999999
Carshalton and Wallington,-0.158940000000000,51.356311800000000
Castle Point,0.588083980000000,51.561588290000003
Central Devon,-3.803040030000000,50.718879700000002
Central Suffolk and North Ipswich,1.210705040000000,52.213779450000004
Charnwood,-1.132529970000000,52.695171359999996
Chatham and Aylesford,0.508434000000000,51.339641569999998
Cheadle,-2.188450100000000,53.367229459999997
Chelmsford,0.482346000000000,51.721370700000001
Chelsea and Fulham,-0.187240000000000,51.478649140000002
Cheltenham,-2.078840020000000,51.888919829999999
Chesham and Amersham,-0.621119980000000,51.678901670000002
Chesterfield,-1.400500060000000,53.247909550000003
Chichester,-0.717899980000000,50.942138670000006
Chingford and Woodford Green,0.002733000000000,51.617141719999999
Chippenham,-2.203809980000000,51.381061549999998
Chipping Barnet,-0.184810000000000,51.633949279999996
Chorley,-2.625859980000000,53.657588959999998
Christchurch,-1.819080000000000,50.807899480000003
Cities of London and Westminster,-0.154440000000000,51.505298610000004
City of Chester,-2.910099980000000,53.151020050000007
City of Durham,-1.579030040000000,54.767871860000000
Clacton,1.165613060000000,51.832729340000000
Cleethorpes,-0.234290000000000,53.624668120000003
Colchester,0.900076990000000,51.886810300000000
Colne Valley,-1.871770020000000,53.596618650000003
Congleton,-2.292769910000000,53.165870669999997
Copeland,-3.319789890000000,54.426239010000003
Corby,-0.575749990000000,52.452861790000000
Coventry North East,-1.468250040000000,52.426769259999993
Coventry North West,-1.555819990000000,52.432750700000000
Coventry South,-1.517899990000000,52.392688750000005
Crawley,-0.195329990000000,51.123569490000001
Crewe and Nantwich,-2.428440090000000,53.053810120000001
Croydon Central,-0.051020000000000,51.370330809999999
Croydon North,-0.098460000000000,51.402450559999998
Croydon South,-0.099890000000000,51.330070499999998
Dagenham and Rainham,0.184512000000000,51.527061459999999
Darlington,-1.551890020000000,54.533130649999997
Dartford,0.249993990000000,51.435470580000000
Daventry,-0.986480000000000,52.309711460000003
Denton and Reddish,-2.131619930000000,53.450859070000000
Derby North,-1.519129990000000,52.921611790000000
Derby South,-1.462389950000000,52.894100190000003
Derbyshire Dales,-1.688120010000000,53.127788539999997
Devizes,-1.805140020000000,51.352638240000005
Dewsbury,-1.681020020000000,53.624431610000002
Don Valley,-1.096300010000000,53.458068849999997
Doncaster Central,-1.083719970000000,53.531360630000002
Doncaster North,-1.165979980000000,53.573921200000001
Dover,1.276605960000000,51.177539830000001
Dudley North,-2.115099910000000,52.525028229999997
Dudley South,-2.126559970000000,52.492481230000003
Dulwich and West Norwood,-0.090230000000000,51.438129429999996
Ealing Central and Acton,-0.286130010000000,51.516460419999994
Ealing North,-0.360619990000000,51.535560609999997
"Ealing, Southall",-0.358320000000000,51.510440830000000
Easington,-1.355550050000000,54.792751310000007
East Devon,-3.337140080000000,50.710201259999998
East Ham,0.055833000000000,51.528499599999996
East Hampshire,-0.939369980000000,51.072578430000000
East Surrey,-0.066010000000000,51.230251310000007
East Worthing and Shoreham,-0.343950000000000,50.842739110000004
East Yorkshire,-0.562359990000000,53.987220760000000
Eastbourne,0.268914010000000,50.781211849999998
Eastleigh,-1.325840000000000,50.946189879999999
Eddisbury,-2.659509900000000,53.116249079999996
Edmonton,-0.055270000000000,51.629009249999996
Ellesmere Port and Neston,-2.870579960000000,53.260429379999998
Elmet and Rothwell,-1.424630050000000,53.874450680000002
Eltham,0.052278000000000,51.452629089999995
Enfield North,-0.073730000000000,51.666980740000000
"Enfield, Southgate",-0.130630000000000,51.649669650000000
Epping Forest,0.066831000000000,51.677291869999998
Epsom and Ewell,-0.265930000000000,51.336730959999997
Erewash,-1.303820010000000,52.936759950000003
Erith and Thamesmead,0.129060000000000,51.491741179999998
Esher and Walton,-0.376619990000000,51.359878539999997
Exeter,-3.515079980000000,50.725738530000001
Fareham,-1.211189990000000,50.857509610000001
Faversham and Mid Kent,0.707711990000000,51.246078490000002
Feltham and Heston,-0.407270010000000,51.461811069999996
Filton and Bradley Stoke,-2.579230070000000,51.532329560000001
Finchley and Golders Green,-0.194360000000000,51.585979460000004
Folkestone and Hythe,1.002823000000000,51.103469850000003
Forest of Dean,-2.432159900000000,51.906848909999994
Fylde,-2.903690100000000,53.798648829999998
Gainsborough,-0.507740020000000,53.400440220000000
Garston and Halewood,-2.849210020000000,53.366298680000000
Gateshead,-1.595149990000000,54.943508150000000
Gedling,-1.074319960000000,52.987880709999999
Gillingham and Rainham,0.584473010000000,51.362529750000000
Gloucester,-2.232959990000000,51.845451349999998
Gosport,-1.171960000000000,50.809589389999999
Grantham and Stamford,-0.474390000000000,52.799850459999995
Gravesham,0.398743990000000,51.396488189999999
Great Grimsby,-0.095840000000000,53.553451540000005
Great Yarmouth,1.649510030000000,52.684391020000000
Greenwich and Woolwich,0.043424000000000,51.483840940000000
Guildford,-0.578660010000000,51.232089999999999
Hackney North and Stoke Newington,-0.074160000000000,51.559230799999995
Hackney South and Shoreditch,-0.061720000000000,51.540798190000004
Halesowen and Rowley Regis,-2.054310080000000,52.470901490000003
Halifax,-1.867390040000000,53.739971159999996
Haltemprice and Howden,-0.662150030000000,53.777778630000000
Halton,-2.738800050000000,53.362548829999994
Hammersmith,-0.225490000000000,51.501949310000001
Hampstead and Kilburn,-0.195549990000000,51.544300079999999
Harborough,-1.011690020000000,52.537929530000000
Harlow,0.097401000000000,51.767829900000002
Harrogate and Knaresborough,-1.485870000000000,54.026988979999999
Harrow East,-0.317590000000000,51.611938479999999
Harrow West,-0.351399990000000,51.579299929999998
Hartlepool,-1.270179990000000,54.676139829999997
Harwich and North Essex,0.996676980000000,51.900680539999996
Hastings and Rye,0.645515980000000,50.921009059999996
Havant,-0.990249990000000,50.865169529999996
Hayes and Harlington,-0.443470000000000,51.488151550000005
Hazel Grove,-2.067739960000000,53.399288179999999
Hemel Hempstead,-0.495260000000000,51.789539339999997
Hemsworth,-1.387699960000000,53.641998289999997
Hendon,-0.250730010000000,51.612548829999994
Henley,-1.105419990000000,51.642078400000003
Hereford and South Herefordshire,-2.834350110000000,51.974231720000006
Hertford and Stortford,0.033228000000000,51.815311430000001
Hertsmere,-0.268990010000000,51.680168150000000
Hexham,-2.154560090000000,55.003509520000001
Heywood and Middleton,-2.216880080000000,53.605331419999999
High Peak,-1.843979950000000,53.385688779999995
Hitchin and Harpenden,-0.296950010000000,51.886619570000001
Holborn and St Pancras,-0.139570000000000,51.539619450000004
Hornchurch and Upminster,0.263081010000000,51.558948520000001
Hornsey and Wood Green,-0.131040010000000,51.591701510000000
Horsham,-0.336279990000000,51.043361660000002
Houghton and Sunderland South,-1.439800020000000,54.847080230000003
Hove,-0.198320000000000,50.850101469999998
Huddersfield,-1.758419990000000,53.656471249999996
Huntingdon,-0.257590000000000,52.300819400000002
Hyndburn,-2.384219880000000,53.752811430000001
Ilford North,0.087245000000000,51.599010469999996
Ilford South,0.085632000000000,51.563179020000000
Ipswich,1.166723010000000,52.055839540000001
Isle of Wight,-1.333660010000000,50.671291349999997
Islington North,-0.117360000000000,51.560928339999997
Islington South and Finsbury,-0.106700000000000,51.535030359999993
Jarrow,-1.503350020000000,54.957611080000000
Keighley,-1.919510010000000,53.896591190000002
Kenilworth and Southam,-1.380820040000000,52.241241459999998
Kensington,-0.192910000000000,51.499500269999999
Kettering,-0.767730000000000,52.437229159999994
Kingston and Surbiton,-0.283850010000000,51.388229369999998
Kingston upon Hull East,-0.295289990000000,53.767780299999998
Kingston upon Hull North,-0.363160010000000,53.769680019999996
Kingston upon Hull West and Hessle,-0.372700010000000,53.739891050000004
Kingswood,-2.471019980000000,51.447811129999998
Knowsley,-2.857399940000000,53.443611150000002
Lancaster and Fleetwood,-2.705960040000000,54.005371089999997
Leeds Central,-1.530859950000000,53.777530670000004
Leeds East,-1.463019970000000,53.810348509999997
Leeds North East,-1.531110050000000,53.844940190000003
Leeds North West,-1.637019990000000,53.863349910000004
Leeds West,-1.616269950000000,53.801589969999995
Leicester East,-1.085700040000000,52.643230440000004
Leicester South,-1.131029960000000,52.615669250000003
Leicester West,-1.170390010000000,52.649841309999999
Leigh,-2.523230080000000,53.487979890000005
Lewes,0.069175000000000,50.852600100000004
Lewisham East,-0.006370000000000,51.444358829999999
Lewisham West and Penge,-0.044180000000000,51.420429230000003
"Lewisham, Deptford",-0.024230000000000,51.465660100000001
Leyton and Wanstead,0.016364000000000,51.571998600000001
Lichfield,-1.820299980000000,52.755039220000000
Lincoln,-0.571630000000000,53.220180509999999
"Liverpool, Riverside",-2.957859990000000,53.387081150000000
"Liverpool, Walton",-2.951289890000000,53.442970280000004
"Liverpool, Wavertree",-2.918659930000000,53.405048370000003
"Liverpool, West Derby",-2.908530000000000,53.439220429999999
Loughborough,-1.204180000000000,52.773178100000003
Louth and Horncastle,0.027963000000000,53.323589320000004
Ludlow,-2.736789940000000,52.486740110000000
Luton North,-0.445919990000000,51.907829280000001
Luton South,-0.424560010000000,51.873161320000001
Macclesfield,-2.142529960000000,53.269630429999999
Maidenhead,-0.785979990000000,51.495800020000004
Maidstone and The Weald,0.515706000000000,51.215110779999996
Makerfield,-2.631789920000000,53.521251679999999
Maldon,0.724713980000000,51.683078770000002
Manchester Central,-2.207109930000000,53.486011509999997
"Manchester, Gorton",-2.198199990000000,53.452381129999999
"Manchester, Withington",-2.242140050000000,53.425750729999997
Mansfield,-1.178040030000000,53.167030330000003
Meon Valley,-1.110649940000000,50.972068790000002
Meriden,-1.732409950000000,52.430751800000003
Mid Bedfordshire,-0.474559990000000,52.042640689999999
Mid Derbyshire,-1.409729960000000,52.971588130000001
Mid Dorset and North Poole,-2.121119980000000,50.750991820000003
Mid Norfolk,0.917568980000000,52.665500640000005
Mid Sussex,-0.179940000000000,51.027469640000000
Mid Worcestershire,-2.099770070000000,52.184120180000001
Middlesbrough,-1.223829980000000,54.558929440000000
Middlesbrough South and East Cleveland,-0.995069980000000,54.539028170000002
Milton Keynes North,-0.734499990000000,52.107868189999998
Milton Keynes South,-0.740190030000000,52.016529079999998
Mitcham and Morden,-0.160870000000000,51.401649480000003
Mole Valley,-0.363050010000000,51.215080260000001
Morecambe and Lunesdale,-2.713700060000000,54.114440920000007
Morley and Outwood,-1.529230000000000,53.723960880000000
New Forest East,-1.501649980000000,50.844429020000000
New Forest West,-1.740700010000000,50.872009280000000
Newark,-0.866919990000000,53.110881809999995
Newbury,-1.320500020000000,51.445869449999996
Newcastle upon Tyne Central,-1.652400020000000,54.987251280000002
Newcastle upon Tyne East,-1.576269980000000,54.984928130000000
Newcastle upon Tyne North,-1.672469970000000,55.023418430000000
Newcastle-under-Lyme,-2.294389960000000,53.036041260000005
Newton Abbot,-3.569360020000000,50.558368680000001
"Normanton, Pontefract and Castleford",-1.289369940000000,53.693679810000006
North Cornwall,-4.656420229999999,50.578960419999994
North Devon,-3.926909920000000,51.076210019999998
North Dorset,-2.141099930000000,50.918869019999995
North Durham,-1.640840050000000,54.860450739999997
North East Bedfordshire,-0.403990000000000,52.216648100000000
North East Cambridgeshire,0.025924000000000,52.521579740000000
North East Derbyshire,-1.442190050000000,53.189109800000004
North East Hampshire,-0.894829990000000,51.256748200000004
North East Hertfordshire,-0.066420000000000,51.932270050000000
North East Somerset,-2.516710040000000,51.355911249999998
North Herefordshire,-2.749959950000000,52.158138279999996
North Norfolk,1.315708040000000,52.828899380000003
North Shropshire,-2.757110120000000,52.865821840000002
North Somerset,-2.759130000000000,51.419490810000006
North Swindon,-1.751240020000000,51.614158629999999
North Thanet,1.230061050000000,51.345451349999998
North Tyneside,-1.540510060000000,55.013950350000002
North Warwickshire,-1.637249950000000,52.561401369999999
North West Cambridgeshire,-0.198900000000000,52.489639280000006
North West Durham,-1.933730010000000,54.794239040000001
North West Hampshire,-1.341290000000000,51.259040830000004
North West Leicestershire,-1.422090050000000,52.742500309999997
North West Norfolk,0.587897000000000,52.829128269999998
North Wiltshire,-2.056829930000000,51.542781830000003
Northampton North,-0.868480030000000,52.260601039999997
Northampton South,-0.828289990000000,52.244640349999997
Norwich North,1.302986030000000,52.653648380000000
Norwich South,1.267053960000000,52.624790189999999
Nottingham East,-1.133250000000000,52.967948909999997
Nottingham North,-1.195209980000000,52.994068149999997
Nottingham South,-1.187639950000000,52.948078160000001
Nuneaton,-1.534229990000000,52.526519780000001
Old Bexley and Sidcup,0.128198000000000,51.442310330000005
Oldham East and Saddleworth,-2.017990110000000,53.570251460000001
Oldham West and Royton,-2.139139890000000,53.550178530000004
Orpington,0.078513000000000,51.343429570000005
Oxford East,-1.222939970000000,51.742591859999997
Oxford West and Abingdon,-1.305899980000000,51.765808110000002
Pendle,-2.189569950000000,53.886360169999996
Penistone and Stocksbridge,-1.653309940000000,53.512310030000002
Penrith and The Border,-2.678109880000000,54.803661350000006
Peterborough,-0.158669990000000,52.617221829999998
"Plymouth, Moor View",-4.138760090000000,50.415439610000000
"Plymouth, Sutton and Devonport",-4.144390110000001,50.379840850000001
Poole,-1.945369960000000,50.719959260000003
Poplar and Limehouse,-0.015720000000000,51.507938390000000
Portsmouth North,-1.062850000000000,50.842868799999998
Portsmouth South,-1.073169950000000,50.794750209999997
Preston,-2.691580060000000,53.772121429999999
Pudsey,-1.659549950000000,53.837898250000002
Putney,-0.223480000000000,51.452430729999996
Rayleigh and Wickford,0.658800010000000,51.604591370000001
Reading East,-0.947090030000000,51.456100460000002
Reading West,-1.026759980000000,51.451011659999999
Redcar,-1.090510010000000,54.585899349999998
Redditch,-1.983279940000000,52.224800110000004
Reigate,-0.199460000000000,51.258678440000004
Ribble Valley,-2.460020070000000,53.911861420000001
Richmond (Yorks),-1.804839970000000,54.357448579999996
Richmond Park,-0.277080000000000,51.443748470000003
Rochdale,-2.116159920000000,53.634040830000004
Rochester and Strood,0.563174010000000,51.447719569999997
Rochford and Southend East,0.767715990000000,51.560871120000002
Romford,0.184484000000000,51.594528199999999
Romsey and Southampton North,-1.487280010000000,51.051681520000002
Rossendale and Darwen,-2.418659930000000,53.684329990000002
Rother Valley,-1.254529950000000,53.369579320000000
Rotherham,-1.363829970000000,53.425189969999998
Rugby,-1.321100000000000,52.428009029999998
"Ruislip, Northwood and Pinner",-0.436019990000000,51.590820309999998
Runnymede and Weybridge,-0.520910020000000,51.389308929999999
Rushcliffe,-1.075050000000000,52.887889860000001
Rutland and Melton,-0.748849990000000,52.697460169999999
Saffron Walden,0.322966990000000,51.916961669999999
Salford and Eccles,-2.307470080000000,53.499820710000002
Salisbury,-1.817409990000000,51.087951659999995
Scarborough and Whitby,-0.678830030000000,54.443229679999995
Scunthorpe,-0.581430020000000,53.538200380000006
Sedgefield,-1.520529990000000,54.629161830000001
Sefton Central,-3.032370090000000,53.528331760000000
Selby and Ainsty,-1.253700020000000,53.873329159999997
Sevenoaks,0.179961990000000,51.318038940000001
Sheffield Central,-1.464450000000000,53.375629429999996
Sheffield South East,-1.391720060000000,53.390449519999997
"Sheffield, Brightside and Hillsborough",-1.468369960000000,53.413990020000000
"Sheffield, Hallam",-1.604220030000000,53.396179199999999
"Sheffield, Heeley",-1.451280000000000,53.352279660000001
Sherwood,-1.098860030000000,53.120109560000003
Shipley,-1.809769990000000,53.852790829999996
Shrewsbury and Atcham,-2.794529910000000,52.663021089999994
Sittingbourne and Sheppey,0.683768990000000,51.350639340000001
Skipton and Ripon,-2.028059960000000,54.056079859999997
Sleaford and North Hykeham,-0.454840000000000,53.063590999999995
Slough,-0.610080000000000,51.514831540000003
Solihull,-1.809440020000000,52.418468480000001
Somerton and Frome,-2.506829980000000,51.133331300000002
South Basildon and East Thurrock,0.426184000000000,51.523651120000004
South Cambridgeshire,0.014247000000000,52.173160549999999
South Derbyshire,-1.534800050000000,52.824901580000002
South Dorset,-2.201539990000000,50.668819429999999
South East Cambridgeshire,0.255571990000000,52.282600400000000
South East Cornwall,-4.445330139999999,50.440658570000004
South Holland and The Deepings,-0.030610000000000,52.786628720000003
South Leicestershire,-1.199620010000000,52.511489869999998
South Norfolk,1.387927060000000,52.511760709999997
South Northamptonshire,-1.074749950000000,52.113998410000001
South Ribble,-2.755179880000000,53.686271669999996
South Shields,-1.420300010000000,54.974269870000001
South Staffordshire,-2.154809950000000,52.659160610000001
South Suffolk,0.916118980000000,52.064708710000005
South Swindon,-1.726500030000000,51.533020020000002
South Thanet,1.274986030000000,51.278949740000002
South West Bedfordshire,-0.574130000000000,51.886569979999997
South West Devon,-3.997149940000000,50.392158510000002
South West Hertfordshire,-0.560570000000000,51.764808649999999
South West Norfolk,0.584231970000000,52.550468440000003
South West Surrey,-0.681970000000000,51.157531739999996
South West Wiltshire,-2.129390000000000,51.157478330000004
"Southampton, Itchen",-1.354859950000000,50.906978610000003
"Southampton, Test",-1.427889940000000,50.925220489999994
Southend West,0.669453020000000,51.555961610000004
Southport,-3.013139960000000,53.635681149999996
Spelthorne,-0.462540000000000,51.415519709999998
St Albans,-0.345779990000000,51.735870360000000
St Austell and Newquay,-4.878699780000001,50.384910580000003
St Helens North,-2.735889910000000,53.482749939999998
St Helens South and Whiston,-2.735529900000000,53.426239010000003
St Ives,-5.617290020000000,50.081409450000002
Stafford,-2.134660010000000,52.779178619999996
Staffordshire Moorlands,-2.000799890000000,53.094409939999998
Stalybridge and Hyde,-2.031430010000000,53.479290010000000
Stevenage,-0.195230010000000,51.893848419999998
Stockport,-2.169660090000000,53.410839080000002
Stockton North,-1.305889960000000,54.601280209999999
Stockton South,-1.335060000000000,54.517860410000004
Stoke-on-Trent Central,-2.163330080000000,53.023059840000002
Stoke-on-Trent North,-2.184999940000000,53.064838410000000
Stoke-on-Trent South,-2.146260020000000,52.977310179999996
Stone,-2.172450070000000,52.872409820000001
Stourbridge,-2.130790000000000,52.456451420000000
Stratford-on-Avon,-1.711330060000000,52.180450440000001
Streatham,-0.128400000000000,51.435920719999999
Stretford and Urmston,-2.350899930000000,53.445068360000000
Stroud,-2.259629960000000,51.745948790000000
Suffolk Coastal,1.443063020000000,52.093780519999996
Sunderland Central,-1.394289970000000,54.902000430000001
Surrey Heath,-0.661700010000000,51.350749970000003
Sutton and Cheam,-0.209580000000000,51.362201689999999
Sutton Coldfield,-1.810099960000000,52.567310330000005
Tamworth,-1.751469970000000,52.624378199999995
Tatton,-2.411230090000000,53.279701230000001
Taunton Deane,-3.165420060000000,51.004791259999998
Telford,-2.456059930000000,52.667781830000003
Tewkesbury,-2.073379990000000,51.935001370000002
The Cotswolds,-1.891270040000000,51.845291140000000
The Wrekin,-2.450599910000000,52.769298549999995
Thirsk and Malton,-0.994600000000000,54.198360440000002
Thornbury and Yate,-2.445199970000000,51.564819340000000
Thurrock,0.295540000000000,51.496711729999994
Tiverton and Honiton,-3.247260090000000,50.860149380000003
Tonbridge and Malling,0.318237990000000,51.240291599999999
Tooting,-0.164280000000000,51.438640589999999
Torbay,-3.538530110000000,50.466060640000002
Torridge and West Devon,-4.209879880000001,50.783390049999994
Totnes,-3.689019920000000,50.347949980000003
Tottenham,-0.083090000000000,51.586818699999995
Truro and Falmouth,-5.054049970000000,50.321098329999998
Tunbridge Wells,0.381839990000000,51.141510009999998
Twickenham,-0.348580000000000,51.431819920000002
Tynemouth,-1.481269960000000,55.033771510000001
Uxbridge and South Ruislip,-0.443390010000000,51.543270110000002
Vauxhall,-0.125100000000000,51.473758699999998
Wakefield,-1.541919950000000,53.642608639999999
Wallasey,-3.102780100000000,53.413841250000004
Walsall North,-2.010420080000000,52.605400090000003
Walsall South,-1.979599950000000,52.573581700000005
Walthamstow,-0.020840000000000,51.584930419999999
Wansbeck,-1.635400060000000,55.165699009999997
Wantage,-1.390640020000000,51.615169529999996
Warley,-1.989269970000000,52.486740110000000
Warrington North,-2.562400100000000,53.432209010000001
Warrington South,-2.562449930000000,53.359169009999995
Warwick and Leamington,-1.594820020000000,52.264591220000000
Washington and Sunderland West,-1.510529990000000,54.904781340000000
Watford,-0.414200010000000,51.673179630000000
Waveney,1.583055020000000,52.448249820000001
Wealden,0.176907000000000,51.003040310000003
Weaver Vale,-2.632689950000000,53.301448820000005
Wellingborough,-0.654649970000000,52.281040189999999
Wells,-2.721610070000000,51.213268280000001
Welwyn Hatfield,-0.185179990000000,51.760871890000004
Wentworth and Dearne,-1.353739980000000,53.491401670000002
West Bromwich East,-1.970489980000000,52.535518650000000
West Bromwich West,-2.038110020000000,52.527771000000001
West Dorset,-2.600610020000000,50.794960019999998
West Ham,0.013655000000000,51.529960629999998
West Lancashire,-2.876490120000000,53.566139219999997
West Suffolk,0.655057010000000,52.346649169999999
West Worcestershire,-2.287060020000000,52.148109439999999
Westminster North,-0.185870010000000,51.524841309999999
Westmorland and Lonsdale,-2.726330040000000,54.326358800000001
Weston-Super-Mare,-2.877300020000000,51.344711300000000
Wigan,-2.639029980000000,53.568729400000002
Wimbledon,-0.216390000000000,51.415428159999998
Winchester,-1.263749960000000,51.116989140000001
Windsor,-0.699869990000000,51.434940339999997
Wirral South,-3.045710090000000,53.331600190000003
Wirral West,-3.132719990000000,53.372219090000002
Witham,0.707737980000000,51.801689150000001
Witney,-1.502920030000000,51.839900970000002
Woking,-0.622439980000000,51.292881010000002
Wokingham,-0.989139970000000,51.407958979999997
Wolverhampton North East,-2.099450110000000,52.611328129999997
Wolverhampton South East,-2.096829890000000,52.566211700000004
Wolverhampton South West,-2.163630010000000,52.585739140000001
Worcester,-2.210249900000000,52.194820399999998
Workington,-3.286629920000000,54.776561739999998
Worsley and Eccles South,-2.409820080000000,53.492321009999998
Worthing West,-0.424230010000000,50.830520630000002
Wycombe,-0.856599990000000,51.604980470000001
Wyre and Preston North,-2.737400050000000,53.859348300000001
Wyre Forest,-2.234940050000000,52.385299679999996
Wythenshawe and Sale East,-2.291320090000000,53.405731200000005
Yeovil,-2.847709890000000,50.929920200000005
York Central,-1.088899970000000,53.954128269999998
York Outer,-1.069730040000000,54.013599400000004
Belfast East,-5.838069920000000,54.595230099999995
Belfast North,-5.948659900000000,54.642620090000001
Belfast South,-5.933390140000000,54.568370819999998
Belfast West,-5.996270180000000,54.590969089999994
East Antrim,-5.952079770000000,54.905811309999997
East Londonderry,-6.855679990000000,55.013488769999995
Fermanagh and South Tyrone,-7.532680030000001,54.360149380000003
Foyle,-7.270679950000000,54.987178799999995
Lagan Valley,-6.070209980000000,54.446479799999999
Mid Ulster,-6.713099960000000,54.724250790000006
Newry and Armagh,-6.588729860000000,54.252258300000001
North Antrim,-6.279699800000000,55.012828829999997
North Down,-5.690060140000001,54.633911129999994
South Antrim,-6.201690200000000,54.674568180000001
South Down,-5.939060210000000,54.234409329999998
Strangford,-5.656119820000001,54.474411010000004
Upper Bann,-6.396329880000000,54.471618650000003
West Tyrone,-7.434329990000000,54.675670620000005
Aberdeen North,-2.170380120000000,57.171230319999999
Aberdeen South,-2.263629910000000,57.114051820000000
Airdrie and Shotts,-3.864749910000000,55.842899319999994
Angus,-2.911449910000000,56.746059420000002
Argyll and Bute,-5.221139910000000,56.289440159999998
"Ayr, Carrick and Cumnock",-4.538519860000000,55.303169250000003
Banff and Buchan,-2.229190110000000,57.534358980000000
"Berwickshire, Roxburgh and Selkirk",-2.695120100000000,55.512611389999996
"Caithness, Sutherland and Easter Ross",-4.402699950000000,58.132480619999995
Central Ayrshire,-4.552539830000001,55.520660400000004
"Coatbridge, Chryston and Bellshill",-4.094759939999999,55.903289789999995
"Cumbernauld, Kilsyth and Kirkintilloch East",-4.111859800000000,55.974498750000002
Dumfries and Galloway,-4.302790160000000,54.983501429999997
"Dumfriesshire, Clydesdale and Tweeddale",-3.494600060000000,55.380969999999998
Dundee East,-2.848419900000000,56.519691469999998
Dundee West,-3.088500020000000,56.505760189999997
Dunfermline and West Fife,-3.530450110000000,56.082199099999997
East Dunbartonshire,-4.293509960000000,55.938728329999996
"East Kilbride, Strathaven and Lesmahagow",-4.086390020000000,55.679908750000003
East Lothian,-2.724349980000000,55.942070010000002
East Renfrewshire,-4.360599990000000,55.748680110000002
Edinburgh East,-3.142770050000000,55.942508700000005
Edinburgh North and Leith,-3.206059930000000,55.969150539999994
Edinburgh South,-3.175169940000000,55.914379120000000
Edinburgh South West,-3.307460070000000,55.884449009999997
Edinburgh West,-3.331789970000000,55.947971339999995
Na h-Eileanan an Iar,-6.657219889999999,58.199378969999998
Falkirk,-3.871279950000000,56.032428740000000
Glasgow Central,-4.271699910000001,55.841571810000005
Glasgow East,-4.152999879999999,55.855579380000002
Glasgow North,-4.291679859999999,55.890720370000004
Glasgow North East,-4.211840150000000,55.888019559999996
Glasgow North West,-4.349450110000000,55.893161769999999
Glasgow South,-4.256659979999999,55.812831880000005
Glasgow South West,-4.339509960000000,55.844879149999997
Glenrothes,-3.157259940000000,56.177341460000001
Gordon,-2.491770030000000,57.355861660000002
Inverclyde,-4.753870010000000,55.900299069999996
"Inverness, Nairn, Badenoch and Strathspey",-4.261630060000000,57.199989320000000
Kilmarnock and Loudoun,-4.294869900000000,55.570640560000001
Kirkcaldy and Cowdenbeath,-3.251329900000000,56.100948330000001
Lanark and Hamilton East,-3.742019890000000,55.738510130000002
Linlithgow and East Falkirk,-3.719880100000000,55.937690730000000
Livingston,-3.566060070000000,55.850620270000000
Midlothian,-3.117379900000000,55.821109770000000
Moray,-3.201869960000000,57.476829529999996
Motherwell and Wishaw,-3.950170040000000,55.782249450000002
North Ayrshire and Arran,-5.239059930000000,55.578071590000000
North East Fife,-2.988909960000000,56.317241670000001
Ochil and South Perthshire,-3.728270050000000,56.307830809999999
Orkney and Shetland,-1.373440030000000,60.504951480000003
Paisley and Renfrewshire North,-4.506229879999999,55.884300230000001
Paisley and Renfrewshire South,-4.564509870000000,55.809181209999998
Perth and North Perthshire,-3.923530100000000,56.649238590000003
"Ross, Skye and Lochaber",-5.139019970000001,57.362640380000002
Rutherglen and Hamilton West,-4.097559930000000,55.795421599999997
Stirling,-4.325950150000000,56.249530789999994
West Aberdeenshire and Kincardine,-2.947299960000000,57.021129609999996
West Dunbartonshire,-4.520740030000000,56.001399990000003
Ynys Mon,-4.323060040000001,53.279418950000000
Delyn,-3.225709920000000,53.228271480000004
Alyn and Deeside,-3.046720030000000,53.154949189999996
Wrexham,-2.951770070000000,53.079040530000000
Llanelli,-4.176670069999999,51.727779390000002
Gower,-4.074880120000000,51.609390259999998
Swansea West,-3.983380080000000,51.620098110000001
Swansea East,-3.922260050000000,51.649051669999999
Aberavon,-3.704760070000000,51.588489529999997
Cardiff Central,-3.163949970000000,51.505779269999998
Cardiff North,-3.211450100000000,51.527320859999996
Rhondda,-3.491060020000000,51.654830930000003
Torfaen,-3.055150030000000,51.695640560000001
Monmouth,-2.902800080000000,51.778270719999995
Newport East,-2.883029940000000,51.590839389999999
Newport West,-3.029249910000000,51.569999689999996
Arfon,-4.140250210000000,53.132270809999994
Aberconwy,-3.853329900000000,53.130710600000000
Clwyd West,-3.538980010000000,53.142421720000002
Vale of Clwyd,-3.406919960000000,53.254821780000000
Dwyfor Meirionnydd,-3.871449950000000,52.818191530000000
Clwyd South,-3.087430000000000,52.978569029999996
Montgomeryshire,-3.453500030000000,52.629089359999995
Ceredigion,-3.949929950000000,52.297950739999997
Preseli Pembrokeshire,-5.006320000000001,51.897991179999998
Carmarthen West and South Pembrokeshire,-4.667469980000000,51.788341520000003
Carmarthen East and Dinefwr,-3.996129990000000,51.935760499999994
Brecon and Radnorshire,-3.384340050000000,52.125888820000000
Neath,-3.729729890000000,51.720409390000000
Cynon Valley,-3.490089890000000,51.718181610000002
Merthyr Tydfil and Rhymney,-3.333679910000000,51.723701480000003
Blaenau Gwent,-3.185920000000000,51.753639219999997
Bridgend,-3.626480100000000,51.504920960000000
Ogmore,-3.563610080000000,51.575130459999997
Pontypridd,-3.342570070000000,51.563350679999999
Caerphilly,-3.201440100000000,51.587181090000001
Islwyn,-3.150480030000000,51.659618379999998
Vale of Glamorgan,-3.407419920000000,51.448249820000001
Cardiff West,-3.262939930000000,51.502571109999998
Cardiff South and Penarth,-3.181910040000000,51.439289090000003
