,LAD Name,Solar Power Area Minimum Restrictions (KM2),Wind Power Area Minimum Restrictions (KM2),Solar Power Area Medium Restrictions (KM2),Wind Power Area Medium Restrictions (KM2),Solar Power Area Maxiumum Restrictions (KM2),Wind Power Area Maxiumum Restrictions (KM2)
0,Middlesbrough,0.31705354486251536,0.330529544977405,0.31705354486251536,0.330529544977405,0.31705354486251536,0.330529544977405
1,Redcar and Cleveland,20.369812000961232,10.977217785874311,16.532738681788057,7.255627195143996,16.532738681788057,7.255627195143996
2,Stockton-on-Tees,19.451582579766004,12.467602184401807,19.451582579766004,12.467602184401807,19.451582579766004,12.467602184401807
3,Darlington,28.52329231851064,22.925673820316323,28.52329231851064,22.925673820316323,28.52329231851064,22.925673820316323
4,Halton,1.0237561762886795,0.8807804637140013,1.0237561762886795,0.8807804637140013,1.0237561762886795,0.8807804637140013
5,Warrington,5.894272528080959,5.049621421388634,5.894272528080959,5.049621421388634,5.894272528080959,5.049621421388634
6,Blackburn with Darwen,3.8820584504097733,2.728395621396293,3.8820584504097733,2.728395621396293,3.8820584504097733,2.728395621396293
7,Blackpool,0.0002552243068321078,0.0,0.0002552243068321078,0.0,0.0002552243068321078,0.0
8,"Kingston upon Hull, City of",0.5538011722139246,0.1859351650658701,0.5538011722139246,0.1859351650658701,0.5538011722139246,0.1859351650658701
9,East Riding of Yorkshire,462.66710102479885,441.47218413020477,462.66710102479885,441.47218413020477,462.66710102479885,441.47218413020477
10,North East Lincolnshire,19.38953267114736,16.251720040831806,19.38953267114736,16.251720040831806,12.483944089395683,9.467703416480928
11,North Lincolnshire,113.10080981086277,96.74945508556596,113.10080981086277,96.74945508556596,113.10080981086277,96.74945508556596
12,York,27.874371315565643,24.545564518876386,27.874371315565643,24.545564518876386,27.874371315565643,24.545564518876386
13,Derby,0.21031801829044122,0.039981257678462,0.21031801829044122,0.039981257678462,0.21031801829044122,0.039981257678462
14,Leicester,0.16416286362208946,0.15789984228515624,0.16416286362208946,0.15789984228515624,0.16416286362208946,0.15789984228515624
15,Rutland,47.49853129009458,44.08622539039715,47.49853129009458,44.08622539039715,47.49853129009458,44.08622539039715
16,Nottingham,0.009001097866881127,0.0,0.009001097866881127,0.0,0.009001097866881127,0.0
17,"Herefordshire, County of",118.7766676867915,114.01922431779637,118.7766676867915,114.01922431779637,110.1584973952742,106.08454025334325
18,Telford and Wrekin,20.039613236569387,18.906497266394766,20.039613236569387,18.906497266394766,20.039613236569387,18.906497266394766
19,Stoke-on-Trent,0.12236609650352327,0.09474095590533087,0.12236609650352327,0.09474095590533087,0.12236609650352327,0.09474095590533087
20,Bath and North East Somerset,10.897901896920954,10.222964097773058,10.897901896920954,10.222964097773058,9.280451889248239,8.79244688297909
21,"Bristol, City of",0.18140672228477328,0.08580595734336705,0.18140672228477328,0.08580595734336705,0.18140672228477328,0.08580595734336705
22,North Somerset,5.617164203754982,3.644555098514093,5.617164203754982,3.644555098514093,4.6330194319374245,3.321859042488127
23,South Gloucestershire,36.23010330439645,26.723914239989274,36.23010330439645,26.723914239989274,24.650435689083565,16.449736140766696
24,Plymouth,0.17879853906249998,0.05746978955078125,0.17879853906249998,0.05746978955078125,0.17879853906249998,0.05746978955078125
25,Torbay,0.1764412846047794,0.14545541650965071,0.1764412846047794,0.14545541650965071,0.1764412846047794,0.14545541650965071
26,Swindon,21.68532467971238,20.797559873205813,21.68532467971238,20.797559873205813,10.92314455466261,10.293515193434054
27,Peterborough,16.49452750603554,15.514538270168883,16.49452750603554,15.514538270168883,16.384903000176166,15.404698860822606
28,Luton,0.03121182540211397,0.0,0.03121182540211397,0.0,0.03121182540211397,0.0
29,Southend-on-Sea,0.43727402921070774,0.42972904882812496,0.43727402921070774,0.42972904882812496,0.43727402921070774,0.42972904882812496
30,Thurrock,12.676121299010035,7.464460531211706,12.676121299010035,7.464460531211706,12.676121299010035,7.464460531211706
31,Medway,5.941992424572994,5.0098640835860895,5.941992424572994,5.0098640835860895,5.809164090630746,4.884612957448682
32,Bracknell Forest,0.5997557529181985,0.5305153745117187,0.5997557529181985,0.5305153745117187,0.5997557529181985,0.5305153745117187
33,West Berkshire,40.22514818663832,39.46896895071806,40.22514818663832,39.46896895071806,1.9938643120117188,1.15619575390625
34,Reading,0.0,0.0,0.0,0.0,0.0,0.0
35,Slough,0.0,0.0,0.0,0.0,0.0,0.0
36,Windsor and Maidenhead,4.0437756933325675,3.8958396049479163,4.0437756933325675,3.8958396049479163,4.0437756933325675,3.8958396049479163
37,Wokingham,1.656448569550398,1.3596111932329964,1.656448569550398,1.3596111932329964,1.656448569550398,1.3596111932329964
38,Milton Keynes,32.41027796288487,29.834650186377903,32.41027796288487,29.834650186377903,32.41027796288487,29.834650186377903
39,Brighton and Hove,6.576085177960321,6.745894423571536,0.1938916217524509,0.18341992236328125,0.1938916217524509,0.18341992236328125
40,Portsmouth,0.0,0.0,0.0,0.0,0.0,0.0
41,Southampton,0.0,0.0,0.0,0.0,0.0,0.0
42,Isle of Wight,13.340608029388786,14.707624621218214,13.340608029388786,14.707624621218214,5.1172974932559745,5.061513136843214
43,County Durham,252.1788682554841,258.6328576824295,251.82207474025543,258.26379351742116,107.70800195959139,95.77684390783354
44,Cheshire East,72.15057580295266,69.61161770116614,63.62046543531137,58.384730116808385,63.62046543531137,58.384730116808385
45,Cheshire West and Chester,51.030105151125895,44.65655017650891,51.030105151125895,44.65655017650891,51.030105151125895,44.65655017650891
46,Shropshire,200.46581261201374,198.37346110979442,200.46581261201374,198.37346110979442,161.03876934968415,152.04773943780262
47,Cornwall,203.98760114379792,195.57215149034548,203.98760114379792,195.57215149034548,118.04688468945122,107.68411453188574
48,Isles of Scilly,0.0,0.04509565234375,0.0,0.04509565234375,0.0,0.0
49,Wiltshire,308.87747439329434,287.6303275283892,308.8018090934896,287.54205127985404,163.22794678340605,145.2762747312098
50,Bedford,63.99067938884615,58.32540438552197,63.99067938884615,58.32540438552197,63.99067938884615,58.32540438552197
51,Central Bedfordshire,63.10443977074521,54.16534797664104,63.10443977074521,54.16534797664104,57.54123331656323,50.10052618444586
52,Northumberland,605.7325747954504,649.9266486648152,366.7815078567688,366.1879094871285,309.5096906563935,299.66839005708476
53,"Bournemouth, Christchurch and Poole",0.23434781226447607,0.17732756787109374,0.23434781226447607,0.17732756787109374,0.23434781226447607,0.17732756787109374
54,Dorset,193.36387728433084,189.22345655373778,193.36387728433084,189.22345655373778,78.80294947814612,74.98618140790437
55,Buckinghamshire,152.22252623501453,132.6458129031155,152.22252623501453,132.6458129031155,145.48817603323758,126.89670834746866
56,North Northamptonshire,137.76344004812148,118.72259260743145,137.76344004812148,118.72259260743145,137.76344004812148,118.72259260743145
57,West Northamptonshire,163.8939411846527,154.3508386530369,163.8939411846527,154.3508386530369,163.89273323725303,154.3508386530369
58,Cambridge,0.8887203894837622,0.8265140489851408,0.8887203894837622,0.8265140489851408,0.8887203894837622,0.8265140489851408
59,East Cambridgeshire,60.7937656178213,58.109689374025315,60.7937656178213,58.109689374025315,60.14013242348537,57.44991195508
60,Fenland,30.8482567785252,28.743278192880663,30.8482567785252,28.743278192880663,30.79343415645489,28.63974758497051
61,Huntingdonshire,130.49995575665025,120.97791113387723,130.49995575665025,120.97791113387723,130.4755799016698,120.94744193026395
62,South Cambridgeshire,140.2932744071251,131.45074993568082,140.2932744071251,131.45074993568082,139.50936874843373,130.62386865882536
63,Allerdale,82.66204561129561,73.77199118599113,82.47109393063154,73.5984393974169,75.08484015356925,66.36899468643917
64,Barrow-in-Furness,4.081030953758809,3.426877797953048,4.081030953758809,3.426877797953048,4.081030953758809,3.426877797953048
65,Carlisle,69.17326744006014,64.40465330869333,69.16141938162724,64.39830143983993,64.78921276332913,58.615100923263256
66,Copeland,21.826245021551394,20.687291160183058,21.826245021551394,20.687291160183058,21.826245021551394,20.687291160183058
67,Eden,275.09501374562274,316.27722505969297,205.33542770176166,227.29181304565523,72.9074673265108,67.17526794673904
68,South Lakeland,102.72762940435624,137.60612197948825,31.383439646147377,31.915602876790373,31.34240804995597,31.915602876790373
69,Amber Valley,8.840508616329657,8.355833011628754,8.840508616329657,8.355833011628754,8.840508616329657,8.355833011628754
70,Bolsover,7.971197111866192,6.940615978121172,7.971197111866192,6.940615978121172,7.971197111866192,6.940615978121172
71,Chesterfield,0.8420480701918658,0.8114771780886183,0.8420480701918658,0.8114771780886183,0.8420480701918658,0.8114771780886183
72,Derbyshire Dales,62.109334685711524,62.06742684386298,22.695762968144926,20.81361937080461,22.695762968144926,20.81361937080461
73,Erewash,4.639987796511181,3.4659438417968746,4.639987796511181,3.4659438417968746,4.639987796511181,3.4659438417968746
74,High Peak,24.180845926951207,28.11808764931449,5.942047180901501,4.846132955677466,5.942047180901501,4.846132955677466
75,North East Derbyshire,6.388268826141236,5.580909703628599,6.047848091637943,5.233132161148132,6.047848091637943,5.233132161148132
76,South Derbyshire,19.138062512128528,14.116245842403876,19.138062512128528,14.116245842403876,19.138062512128528,14.116245842403876
77,East Devon,22.828985692363656,19.382335668248317,22.828985692363656,19.382335668248317,13.852165810987286,10.551247680574065
78,Exeter,0.0,0.0,0.0,0.0,0.0,0.0
79,Mid Devon,29.525202354501758,29.07386079092563,29.518663255390237,29.07386079092563,28.209547724392994,27.762031704729623
80,North Devon,59.78876534336322,62.28146513389245,39.91742301135875,40.21358397563763,35.38250622812882,35.00680308045726
81,South Hams,51.80394651088582,55.777588642974486,30.275778674762552,31.263798767999372,15.10844545696423,13.361324661544504
82,Teignbridge,12.481710891900276,14.28176281431717,2.579247577707567,2.023074815506281,2.579247577707567,2.023074815506281
83,Torridge,28.0257154957127,26.62622873292548,28.0257154957127,26.62622873292548,25.294282096208633,23.690073330704283
84,West Devon,102.41045755024318,108.11774694980852,20.003425739433972,20.349572824320234,18.25694665702359,18.61908873252336
85,Eastbourne,4.87448051012561,5.335849759127987,0.024401835271139705,0.021398784235217527,0.024401835271139705,0.021398784235217527
86,Hastings,0.0,0.0,0.0,0.0,0.0,0.0
87,Lewes,21.874421135225187,23.154412903494546,2.6862525223269,2.3490269309914975,2.6862525223269,2.3490269309914975
88,Rother,3.045155600034467,2.547524501518459,3.045155600034467,2.547524501518459,0.7282984782609528,0.7377648774950214
89,Wealden,11.853541024391081,11.828790777085244,4.524070970350795,3.7784102990406714,4.404509891249232,3.595962584196921
90,Basildon,4.647540984625842,3.5214193217773437,4.647540984625842,3.5214193217773437,4.647540984625842,3.5214193217773437
91,Braintree,47.01116258433668,41.50624223764744,47.01116258433668,41.50624223764744,47.01116258433668,41.49386909311619
92,Brentwood,5.521335906500842,4.6581744060317085,5.521335906500842,4.6581744060317085,5.521335906500842,4.6581744060317085
93,Castle Point,0.4707797922755821,0.35501034430338546,0.4707797922755821,0.35501034430338546,0.4707797922755821,0.35501034430338546
94,Chelmsford,24.59960696508502,22.288442975482532,24.59960696508502,22.288442975482532,24.59960696508502,22.288442975482532
95,Colchester,20.586550837949993,18.950943923920025,20.586550837949993,18.950943923920025,19.734804612852336,18.099200636810654
96,Epping Forest,22.07132252823031,20.195957079005815,22.07132252823031,20.195957079005815,22.07132252823031,20.195957079005815
97,Harlow,0.0,0.0,0.0,0.0,0.0,0.0
98,Maldon,41.08251316803002,35.675127555953196,41.08251316803002,35.675127555953196,41.08251316803002,35.675127555953196
99,Rochford,13.478985263166358,12.473427430231311,13.478985263166358,12.473427430231311,13.478985263166358,12.473427430231311
100,Tendring,31.22788745538258,27.90441433445159,31.22788745538258,27.90441433445159,31.02411790460133,27.706823175271904
101,Uttlesford,73.74303203009143,67.97808419974915,73.74303203009143,67.97808419974915,73.74303203009143,67.97808419974915
102,Cheltenham,0.6256171848249847,0.4106513026769301,0.6256171848249847,0.4106513026769301,0.6256171848249847,0.4106513026769301
103,Cotswold,71.84398705283965,68.82221645358455,71.84398705283965,68.82221645358455,19.497115518150665,18.805234177977557
104,Forest of Dean,23.841805621710304,21.319599579884724,23.841805621710304,21.319599579884724,22.96227875427196,20.55074791240425
105,Gloucester,0.5064062377316942,0.11777332520488663,0.5064062377316942,0.11777332520488663,0.5064062377316942,0.11777332520488663
106,Stroud,29.868446159635408,24.607477702552465,29.868446159635408,24.607477702552465,23.99980690878906,18.85164533070619
107,Tewkesbury,35.640306531200196,29.27415993543965,35.640306531200196,29.27415993543965,27.30359484317556,21.516438591314337
108,Basingstoke and Deane,20.38329467500767,18.173418743897436,20.38329467500767,18.173418743897436,10.155402236042816,9.166647254151346
109,East Hampshire,7.172698228982842,5.770549555614278,2.8847319649241725,2.1447615515854777,2.8847319649241725,2.1447615515854777
110,Eastleigh,0.27210120793313414,0.23800954426891852,0.27210120793313414,0.23800954426891852,0.27210120793313414,0.23800954426891852
111,Fareham,2.166531037674249,1.6171084937787226,2.166531037674249,1.6171084937787226,2.166531037674249,1.6171084937787226
112,Gosport,0.0,0.0,0.0,0.0,0.0,0.0
113,Hart,1.6333432718022365,1.3330083698452817,1.6333432718022365,1.3330083698452817,1.6333432718022365,1.3330083698452817
114,Havant,0.6334180801259957,0.5971768607575061,0.6334180801259957,0.5971768607575061,0.5629206997070312,0.5186471596679687
115,New Forest,13.052044918908932,10.56162998520412,11.7876294770144,9.562461989110371,2.2268639355047486,0.872241325279565
116,Rushmoor,0.0,0.0,0.0,0.0,0.0,0.0
117,Test Valley,28.41406723635876,24.806308414548866,28.41406723635876,24.806308414548866,25.253279745023352,22.551518669431672
118,Winchester,23.193270328301164,21.894209430922565,14.108305776055069,13.306720900476794,14.108305776055069,13.306720900476794
119,Broxbourne,0.21102651806640624,0.17380604052734375,0.21102651806640624,0.17380604052734375,0.21102651806640624,0.17380604052734375
120,Dacorum,8.642516906041285,7.017005798996629,8.642516906041285,7.017005798996629,6.189706270766313,4.882127396685431
121,Hertsmere,2.288781680376838,1.1917834591643688,2.288781680376838,1.1917834591643688,2.288781680376838,1.1917834591643688
122,North Hertfordshire,37.99466112909006,35.836065007582725,37.99466112909006,35.836065007582725,35.79053613288717,33.8662332766142
123,Three Rivers,1.4906628116230083,1.088582720199525,1.4906628116230083,1.088582720199525,1.4906628116230083,1.088582720199525
124,Watford,0.0,0.0,0.0,0.0,0.0,0.0
125,Ashford,14.500073315456493,12.271488291858148,14.500073315456493,12.271488291858148,10.007896792580036,8.04170666125536
126,Canterbury,7.1386354545783535,5.357562473653876,7.1386354545783535,5.357562473653876,6.319507015494791,4.5413649170841
127,Dartford,2.8017923123774513,1.8325701102309282,2.8017923123774513,1.8325701102309282,2.8017923123774513,1.8325701102309282
128,Dover,15.212954820948212,14.436175547483918,15.212954820948212,14.436175547483918,12.87086759538717,12.29211508307292
129,Gravesham,2.7858040467084098,1.6566215257065717,2.7858040467084098,1.6566215257065717,2.6670403748334097,1.6566215257065717
130,Maidstone,10.380497309051393,9.586266463047636,10.380497309051393,9.586266463047636,8.617566772826668,8.206988569129138
131,Sevenoaks,4.468736584170113,3.673201026323146,4.468736584170113,3.673201026323146,2.810765355166207,2.227854450639552
132,Folkestone and Hythe,11.404204115489048,10.029063120975032,11.404204115489048,10.029063120975032,8.056238955250459,7.075347726139324
133,Swale,21.77420103406288,18.577128632194015,21.77420103406288,18.577128632194015,19.116470929425166,16.212801043351714
134,Thanet,5.852090939931832,4.277874896972656,5.852090939931832,4.277874896972656,5.852090939931832,4.277874896972656
135,Tonbridge and Malling,1.976715360768995,1.447495298724724,1.976715360768995,1.447495298724724,1.4839457977615655,1.1725326181640625
136,Tunbridge Wells,3.2487553043447455,2.479672576032092,3.2487553043447455,2.479672576032092,2.580994669481464,1.8509858714422485
137,Burnley,12.469881675957417,12.485838965489048,12.469881675957417,12.485838965489048,12.469881675957417,12.485838965489048
138,Chorley,6.796070334972427,6.10233504960746,6.796070334972427,6.10233504960746,6.796070334972427,6.10233504960746
139,Fylde,10.80140571172066,7.083079525248927,10.80140571172066,7.083079525248927,10.80140571172066,7.083079525248927
140,Hyndburn,3.9747353618566166,3.055685714246324,3.9747353618566166,3.055685714246324,3.9747353618566166,3.055685714246324
141,Lancaster,51.124400412375515,51.588694491191795,45.33060480728204,43.559431182701424,13.57040941739047,11.376516817237285
142,Pendle,20.38710438859911,22.6277226466031,20.38710438859911,22.6277226466031,16.645487611249617,17.70041713050705
143,Preston,6.612034992202817,5.087900846145449,6.612034992202817,5.087900846145449,6.22318593697725,4.733444193313419
144,Ribble Valley,59.55623163238933,65.74625415127339,59.55623163238933,65.74625415127339,18.23873231485525,17.374424557165288
145,Rossendale,31.77484078173633,32.19871052525465,31.77484078173633,32.19871052525465,31.77484078173633,32.19871052525465
146,South Ribble,4.586794963394222,2.5471394380763632,4.586794963394222,2.5471394380763632,4.586794963394222,2.5471394380763632
147,West Lancashire,28.431068513152958,25.344510737415746,28.431068513152958,25.344510737415746,28.431068513152958,25.344510737415746
148,Wyre,18.790962752789895,16.782066413750385,18.790962752789895,16.782066413750385,16.8091515745749,14.398339080353864
149,Blaby,12.156175765496705,9.957492812113205,12.156175765496705,9.957492812113205,12.156175765496705,9.957492812113205
150,Charnwood,20.81947901507926,18.07403463560814,20.81947901507926,18.07403463560814,20.81947901507926,18.07403463560814
151,Harborough,79.88667649046415,73.84848353426393,79.88667649046415,73.84848353426393,79.88667649046415,73.84848353426393
152,Hinckley and Bosworth,36.21047370899014,31.372619750806138,36.21047370899014,31.372619750806138,36.21047370899014,31.372619750806138
153,Melton,78.15255909268534,72.94210427503836,78.15255909268534,72.94210427503836,78.15255909268534,72.94210427503836
154,North West Leicestershire,14.13756168386565,12.681202961293659,14.13756168386565,12.681202961293659,14.13756168386565,12.681202961293659
155,Oadby and Wigston,0.8357364014782476,0.5670362162741269,0.8357364014782476,0.5670362162741269,0.8357364014782476,0.5670362162741269
156,Boston,13.636372800229779,12.430537054792806,13.636372800229779,12.430537054792806,13.636372800229779,12.430537054792806
157,East Lindsey,223.86211908932674,221.40588882336476,223.86211908932674,221.40588882336476,153.68441847550937,151.21779014738627
158,Lincoln,0.39201510937882966,0.4202443095052083,0.39201510937882966,0.4202443095052083,0.39201510937882966,0.4202443095052083
159,North Kesteven,112.22795755425861,102.66239260702733,112.22795755425861,102.66239260702733,112.22795755425861,102.66239260702733
160,South Holland,44.809834660458776,40.61455500324756,44.809834660458776,40.61455500324756,44.809834660458776,40.61455500324756
161,South Kesteven,119.40719708621896,103.56056488569435,119.40719708621896,103.56056488569435,119.40719708621896,103.56056488569435
162,West Lindsey,210.84392103597966,199.11878383673232,210.84392103597966,199.11878383673232,188.42343391422722,177.38357559883593
163,Breckland,76.03381419253401,70.47845321977061,76.03381419253401,70.47845321977061,75.20539776585089,69.68576703031749
164,Broadland,19.935483249322147,18.93946316935317,19.37591873174402,18.404226302653953,19.37591873174402,18.404226302653953
165,Great Yarmouth,8.828997329101561,8.037995611816406,8.003278982421875,7.528069411621093,8.003278982421875,7.528069411621093
166,King's Lynn and West Norfolk,failed,failed,failed,failed,failed,failed
167,North Norfolk,66.60071188875231,62.39870618923481,66.43690715340074,62.271374204859804,54.89408848884995,50.95198263503558
168,Norwich,0.0,0.0,0.0,0.0,0.0,0.0
169,South Norfolk,53.78753627684591,50.86677115828928,53.78753627684591,50.81541012632122,53.62808496720093,50.66208897009994
170,Craven,253.71457591414122,295.6134965631671,68.06667603147214,70.82428358037485,41.18362960762099,42.94379088689873
171,Hambleton,176.9469962880707,156.49720868486523,173.60213788338706,152.74139396932446,171.17307616805502,150.21257973299637
172,Harrogate,140.00474002362517,140.72562503188394,138.8816330181162,139.5818615927907,72.34036579982957,67.49457263771254
173,Richmondshire,250.8550976001283,290.8556049003673,86.59457256126683,84.5278708283184,78.6080856476524,76.37936779556716
174,Ryedale,171.02353859613194,158.86589557533702,151.37960074080686,140.09186504105398,138.00265814901005,128.0045940460229
175,Scarborough,51.965915968774915,50.92970948485182,31.502945703979027,29.811422744803146,31.502945703979027,29.811422744803146
176,Selby,70.67924606893,61.50262127405028,70.67924606893,61.50262127405028,70.67924606893,61.50262127405028
177,Ashfield,1.8761278033624387,1.6465015647594974,1.8761278033624387,1.6465015647594974,1.8761278033624387,1.6465015647594974
178,Bassetlaw,82.08701524639234,70.10642935029868,82.08701524639234,70.10642935029868,82.08701524639234,70.10642935029868
179,Broxtowe,1.979138587835095,1.7308306762695311,1.979138587835095,1.7308306762695311,1.979138587835095,1.7308306762695311
180,Gedling,4.303821143035769,4.163786949186197,4.303821143035769,4.163786949186197,4.303821143035769,4.163786949186197
181,Mansfield,2.9661881943359374,2.418879943359375,2.9661881943359374,2.418879943359375,2.9661881943359374,2.418879943359375
182,Newark and Sherwood,66.72575386572647,51.20563592058248,66.72575386572647,51.20563592058248,66.72575386572647,51.20563592058248
183,Rushcliffe,53.1246302705059,41.14669257149588,53.1246302705059,41.14669257149588,53.1246302705059,41.14669257149588
184,Cherwell,56.68244451580493,51.977160818704,56.68244451580493,51.977160818704,56.023013722782565,51.51479499373655
185,Oxford,0.10101806078048405,0.0,0.10101806078048405,0.0,0.10101806078048405,0.0
186,South Oxfordshire,42.26865254978366,38.034939000570624,42.26865254978366,38.034939000570624,32.03180450074295,28.3252180535386
187,Vale of White Horse,63.30829209340343,58.87741687940602,63.30829209340343,58.87741687940602,38.087370430099185,34.07576100913565
188,West Oxfordshire,54.975942419186595,52.8566043171224,54.975942419186595,52.8566043171224,33.343280625427,31.600909086546412
189,Mendip,44.85620553429265,40.70239301209788,44.85620553429265,40.70239301209788,36.334637913679536,32.0138495351754
190,Sedgemoor,18.054565900764008,15.381534262768078,18.054565900764008,15.381534262768078,14.406286984501373,11.575851680397903
191,South Somerset,70.7321758114046,68.90753071971511,70.7321758114046,68.90753071971511,68.95133780912788,67.02473372590765
192,Cannock Chase,0.42127314429189644,0.4383631213024663,0.42127314429189644,0.4383631213024663,0.42127314429189644,0.3959069533337163
193,East Staffordshire,20.71833394159391,16.91220656825598,20.71833394159391,16.91220656825598,20.71833394159391,16.91220656825598
194,Lichfield,23.34615206476906,19.390956844711248,23.34615206476906,19.390956844711248,23.20020257892922,19.33622403709406
195,Newcastle-under-Lyme,5.935766607121249,4.67769847344516,5.935766607121249,4.67769847344516,5.935766607121249,4.67769847344516
196,South Staffordshire,19.042144386647898,15.611662252232689,19.042144386647898,15.611662252232689,18.926469596120555,15.526428229771751
197,Stafford,33.19221938928077,30.00792727381855,33.19221938928077,30.00792727381855,33.18009753722999,30.001866316299015
198,Staffordshire Moorlands,35.94418655605276,34.398528025212535,17.693018310089226,14.839571506657858,17.693018310089226,14.839571506657858
199,Tamworth,0.16412446582031248,0.12156816064453124,0.16412446582031248,0.12156816064453124,0.16412446582031248,0.12156816064453124
200,Babergh,45.73228578483457,44.49796874936812,45.73228578483457,44.49796874936812,43.55265153164255,42.424736925149375
201,Ipswich,0.3255901294519761,0.24620562792968748,0.3255901294519761,0.24620562792968748,0.3255901294519761,0.24620562792968748
202,Mid Suffolk,111.08114744374618,95.62793057629254,111.08114744374618,95.62793057629254,111.00160800380476,95.57286414562847
203,Elmbridge,0.20022620019531248,0.18769179882812498,0.20022620019531248,0.18769179882812498,0.20022620019531248,0.18769179882812498
204,Epsom and Ewell,0.1189234736328125,0.13143524169921875,0.1189234736328125,0.13143524169921875,0.1189234736328125,0.13143524169921875
205,Guildford,1.5802304071557136,1.447966343133425,1.5802304071557136,1.447966343133425,0.7019629677025888,0.5614090850796568
206,Mole Valley,1.518136806640625,1.4617094379882811,1.518136806640625,1.4617094379882811,1.0354501474609374,1.0103524223632812
207,Reigate and Banstead,0.07689370137101716,0.0690417294921875,0.07689370137101716,0.0690417294921875,0.07689370137101716,0.0690417294921875
208,Runnymede,0.05626918505859375,0.0437645908203125,0.05626918505859375,0.0437645908203125,0.05626918505859375,0.0437645908203125
209,Spelthorne,0.17489359326171874,0.14990765966796873,0.17489359326171874,0.14990765966796873,0.17489359326171874,0.14990765966796873
210,Surrey Heath,0.0,0.0,0.0,0.0,0.0,0.0
211,Tandridge,2.185562383859911,2.094902566048177,2.185562383859911,2.094902566048177,2.1354438096411608,2.094902566048177
212,Waverley,0.4708906573606005,0.4548452854262408,0.4708906573606005,0.4548452854262408,0.2635672389035692,0.24754716970358456
213,Woking,0.0437914970703125,0.0500916640625,0.0437914970703125,0.0500916640625,0.0,0.0500916640625
214,North Warwickshire,18.335733329080497,14.854067122606464,18.335733329080497,14.854067122606464,18.335733329080497,14.854067122606464
215,Nuneaton and Bedworth,3.7194308133233767,2.6476190882046575,3.7194308133233767,2.6476190882046575,3.7194308133233767,2.6476190882046575
216,Rugby,44.61326566259188,40.07084847118947,44.61326566259188,40.07084847118947,44.570570440423914,39.98545894628713
217,Stratford-on-Avon,105.80927982392002,99.39921248767232,105.80927982392002,99.39921248767232,95.15196548467176,88.95304030370903
218,Warwick,17.372050252845437,15.981160623780255,17.372050252845437,15.981160623780255,17.327526872920497,15.938245306885724
219,Adur,4.305505294607842,4.188196154298789,0.1075263359375,0.06957511328125,0.1075263359375,0.06957511328125
220,Arun,11.50462662704312,11.040652503764557,5.69042778934015,5.226156996300552,5.69042778934015,5.226156996300552
221,Chichester,22.684355978567332,19.713179415766703,14.938344136339621,12.942796947016701,11.743246413794429,9.881046326114431
222,Crawley,0.12424544654756434,0.11407048037300858,0.12424544654756434,0.11407048037300858,0.12424544654756434,0.11407048037300858
223,Horsham,12.042946903063731,10.665322480215991,5.843757552877986,5.217472735887714,5.780810353170955,5.167115045458027
224,Mid Sussex,5.086229603913911,4.812872835772824,1.3243476850585938,1.1350704223632813,1.1921028432617187,0.9524696020507812
225,Worthing,0.04007184539675245,0.09642154695350798,0.0,0.0,0.0,0.0
226,Bromsgrove,3.554914828163296,2.701504149785539,3.554914828163296,2.701504149785539,3.554914828163296,2.701504149785539
227,Malvern Hills,17.33083829611864,15.850385082297409,17.33083829611864,15.850385082297409,16.484940730937875,15.129818500266158
228,Redditch,1.7319293647671568,0.7536153651711859,1.7319293647671568,0.7536153651711859,1.7319293647671568,0.7536153651711859
229,Worcester,0.0,0.0,0.0,0.0,0.0,0.0
230,Wychavon,58.55599363466035,51.876548417691126,58.55599363466035,51.876548417691126,55.918819658341036,49.14370190956267
231,Wyre Forest,4.16187243893995,3.4791506434723494,4.16187243893995,3.4791506434723494,4.16187243893995,3.4791506434723494
232,St Albans,4.427279145569087,3.362394855752145,4.427279145569087,3.362394855752145,4.427279145569087,3.362394855752145
233,Welwyn Hatfield,1.3185197008444391,1.280362889141008,1.3185197008444391,1.280362889141008,1.3185197008444391,1.280362889141008
234,East Hertfordshire,32.4402820961646,28.052543337264474,32.4402820961646,28.052543337264474,32.4402820961646,28.052543337264474
235,Stevenage,0.006542730210248162,0.0,0.006542730210248162,0.0,0.006542730210248162,0.0
236,East Suffolk,78.90767406829423,70.88722062691289,78.81621232464188,70.8018560204676,71.57431385061079,64.31274537620058
237,West Suffolk,72.55799032132738,70.05213166745176,72.55799032132738,70.05213166745176,72.55186970609302,70.01540766549864
238,Somerset West and Taunton,62.77184240354053,62.99794048771257,25.076083557902496,22.35181173789253,22.68268343386757,20.02618251516735
239,Bolton,1.6025218544500612,1.5205213839613962,1.6025218544500612,1.5205213839613962,1.6025218544500612,1.5205213839613962
240,Bury,1.8430658115081189,1.4034842197265625,1.8430658115081189,1.4034842197265625,1.8430658115081189,1.4034842197265625
241,Manchester,0.0,0.0,0.0,0.0,0.0,0.0
242,Oldham,4.263014815573298,5.420162885024126,3.12076420782399,3.5004967440927524,3.12076420782399,3.5004967440927524
243,Rochdale,16.248728007511865,18.332415914592907,16.248728007511865,18.332415914592907,16.248728007511865,18.332415914592907
244,Salford,2.6111502834424782,2.2672114786420035,2.6111502834424782,2.2672114786420035,2.6111502834424782,2.2672114786420035
245,Stockport,0.7548507813438267,0.6452369423464308,0.7421341093462777,0.6299443347005206,0.7421341093462777,0.6299443347005206
246,Tameside,7.49385363442287,7.920354446647135,7.374159484664139,7.786410048064108,7.374159484664139,7.786410048064108
247,Trafford,1.2659325646388633,0.6272097509765625,1.2659325646388633,0.6272097509765625,1.2659325646388633,0.6272097509765625
248,Wigan,2.6367244152860763,2.2283211525869326,2.6367244152860763,2.2283211525869326,2.6367244152860763,2.2283211525869326
249,Knowsley,0.8760628407973345,0.3287265859375,0.8760628407973345,0.3287265859375,0.8760628407973345,0.3287265859375
250,Liverpool,0.13757455422411152,0.16657652266007963,0.13757455422411152,0.16657652266007963,0.13757455422411152,0.16657652266007963
251,St. Helens,2.7459885189070152,2.5263422892137717,2.7459885189070152,2.5263422892137717,2.7459885189070152,2.5263422892137717
252,Sefton,1.9682441232555914,1.7274773359375,1.9682441232555914,1.7274773359375,1.9682441232555914,1.7274773359375
253,Wirral,2.1254493449065563,1.6441948627929688,2.1254493449065563,1.6441948627929688,2.1254493449065563,1.6441948627929688
254,Barnsley,12.341859369839536,11.137122349109605,9.028962920620785,7.663345865711167,9.028962920620785,7.663345865711167
255,Doncaster,41.38481512064568,35.48212736117493,41.38481512064568,35.48212736117493,41.38481512064568,35.48212736117493
256,Rotherham,13.076776184369256,11.545892786745558,13.076776184369256,11.545892786745558,13.076776184369256,11.545892786745558
257,Sheffield,1.876476150823376,1.8753445234375,0.7057127509210325,0.6210854423828125,0.7057127509210325,0.6210854423828125
258,Newcastle upon Tyne,3.7936788340399046,3.528087639658011,3.7936788340399046,3.528087639658011,3.7936788340399046,3.528087639658011
259,North Tyneside,2.385463581443398,1.8413437869581035,2.385463581443398,1.8413437869581035,2.385463581443398,1.8413437869581035
260,South Tyneside,3.0610534421626068,1.770879646361826,3.0610534421626068,1.770879646361826,3.0610534421626068,1.770879646361826
261,Sunderland,4.220265742149203,2.804284917943856,4.220265742149203,2.804284917943856,4.220265742149203,2.804284917943856
262,Birmingham,0.8081130108628218,0.5212268395048253,0.8081130108628218,0.5212268395048253,0.8081130108628218,0.5212268395048253
263,Coventry,1.4255751714192706,0.6885698773169424,1.4255751714192706,0.6885698773169424,1.4255751714192706,0.6885698773169424
264,Dudley,0.647124063581878,0.6569665806372549,0.647124063581878,0.6569665806372549,0.647124063581878,0.6569665806372549
265,Sandwell,0.0,0.0,0.0,0.0,0.0,0.0
266,Solihull,4.974397100854012,3.6071565400237438,4.974397100854012,3.6071565400237438,4.963792515046721,3.599910885971967
267,Walsall,0.8456251937844669,0.6956029832701439,0.8456251937844669,0.6956029832701439,0.8456251937844669,0.6956029832701439
268,Wolverhampton,0.0,0.0,0.0,0.0,0.0,0.0
269,Bradford,13.183441597922409,12.168195956175323,13.183441597922409,12.168195956175323,13.183441597922409,12.168195956175323
270,Calderdale,20.63127924707222,21.351989850394464,20.63127924707222,21.351989850394464,20.63127924707222,21.351989850394464
271,Kirklees,8.292000645567168,8.57957596758578,6.917356129453886,6.829975241511563,6.917356129453886,6.829975241511563
272,Leeds,14.697268330129821,11.920669051809513,14.697268330129821,11.920669051809513,14.697268330129821,11.920669051809513
273,Wakefield,14.953609484376916,13.201108843640855,14.953609484376916,13.201108843640855,14.953609484376916,13.201108843640855
274,Gateshead,2.195978858176317,1.9178366499023436,2.195978858176317,1.9178366499023436,2.195978858176317,1.9178366499023436
275,City of London,0.0,0.0,0.0,0.0,0.0,0.0
276,Barking and Dagenham,0.7047705242589611,0.09334029759689032,0.7047705242589611,0.09334029759689032,0.7047705242589611,0.09334029759689032
277,Barnet,0.5244260095645681,0.5160227358398437,0.5244260095645681,0.5160227358398437,0.5244260095645681,0.5160227358398437
278,Bexley,0.2917922210248162,0.23709245166015624,0.2917922210248162,0.23709245166015624,0.2917922210248162,0.23709245166015624
279,Brent,0.0,0.0,0.0,0.0,0.0,0.0
280,Bromley,1.0885426928730084,1.0847437753102023,1.0885426928730084,1.0847437753102023,1.0885426928730084,1.0847437753102023
281,Camden,0.0,0.0,0.0,0.0,0.0,0.0
282,Croydon,0.0,0.0,0.0,0.0,0.0,0.0
283,Ealing,0.0,0.0,0.0,0.0,0.0,0.0
284,Enfield,0.9998702124023437,0.8446446162109374,0.9998702124023437,0.8446446162109374,0.9998702124023437,0.8446446162109374
285,Greenwich,0.0,0.0,0.0,0.0,0.0,0.0
286,Hackney,0.0,0.0,0.0,0.0,0.0,0.0
287,Hammersmith and Fulham,0.0,0.0,0.0,0.0,0.0,0.0
288,Haringey,0.0,0.0,0.0,0.0,0.0,0.0
289,Harrow,0.1119731435546875,0.09331040283203125,0.1119731435546875,0.09331040283203125,0.1119731435546875,0.09331040283203125
290,Havering,1.9464183705346205,1.1442681243891697,1.9464183705346205,1.1442681243891697,1.9464183705346205,1.1442681243891697
291,Hillingdon,0.3613907524414062,0.1994850322265625,0.3613907524414062,0.1994850322265625,0.3613907524414062,0.1994850322265625
292,Hounslow,0.049919039550781245,0.04991904443359375,0.049919039550781245,0.04991904443359375,0.049919039550781245,0.04991904443359375
293,Islington,0.0,0.0,0.0,0.0,0.0,0.0
294,Kensington and Chelsea,0.0,0.0,0.0,0.0,0.0,0.0
295,Kingston upon Thames,0.0,0.0,0.0,0.0,0.0,0.0
296,Lambeth,0.0,0.0,0.0,0.0,0.0,0.0
297,Lewisham,0.0,0.0,0.0,0.0,0.0,0.0
298,Merton,0.0,0.0,0.0,0.0,0.0,0.0
299,Newham,0.13781014803921568,0.0,0.13781014803921568,0.0,0.13781014803921568,0.0
300,Redbridge,1.5197271922104778,1.6253849184091604,1.5197271922104778,1.6253849184091604,1.5197271922104778,1.6253849184091604
301,Richmond upon Thames,0.0,0.0,0.0,0.0,0.0,0.0
302,Southwark,0.0,0.0,0.0,0.0,0.0,0.0
303,Sutton,0.112510935546875,0.0,0.112510935546875,0.0,0.112510935546875,0.0
304,Tower Hamlets,0.0,0.0,0.0,0.0,0.0,0.0
305,Waltham Forest,0.0,0.0,0.0,0.0,0.0,0.0
306,Wandsworth,0.0,0.0,0.0,0.0,0.0,0.0
307,Westminster,0.0,0.0,0.0,0.0,0.0,0.0
308,Clackmannanshire,16.40822792864967,23.827563686429624,16.40822792864967,23.827563686429624,16.40822792864967,23.827563686429624
309,Dumfries and Galloway,835.7588294507408,963.8633084864852,820.0228639027516,945.3404723642078,820.0228639027516,945.3404723642078
310,East Ayrshire,147.67875240437712,153.17391540067786,147.67875240437712,153.17391540067786,147.67875240437712,153.17391540067786
311,East Lothian,92.70434051307055,97.7361065975585,92.70434051307055,97.7361065975585,92.70434051307055,97.7361065975585
312,East Renfrewshire,25.336397266948143,24.207867086623,25.336397266948143,24.207867086623,25.336397266948143,24.207867086623
313,Na h-Eileanan Siar,799.634450218831,1029.486724240825,498.21585758699104,597.705289609862,498.21585758699104,597.7052896098622
314,Falkirk,14.99349816003753,11.602696914703966,14.99349816003753,11.602696914703966,14.99349816003753,11.602696914703966
315,Highland,5570.252047553244,7292.332974983684,4597.485148754449,5899.526333191582,4597.485148754449,5899.526333191582
316,Inverclyde,13.707363071509267,12.46734442147097,13.707363071509267,12.46734442147097,13.707363071509267,12.46734442147097
317,Midlothian,35.096948845366114,41.55707906629711,35.096948845366114,41.55707906629711,35.096948845366114,41.55707906629711
318,Moray,308.06448775380505,374.58652714433606,253.11802177320206,299.4852940981064,253.11802177320206,299.4852940981064
319,North Ayrshire,75.05035775257919,85.91557001214572,65.11472923920606,71.06452392094819,65.11472923920606,71.06452392094819
320,Orkney Islands,303.8166371542641,317.25315162952404,275.65187075448046,287.4662549171388,275.65187075448046,287.4662549171388
321,Scottish Borders,612.3519229266292,793.2886166316162,604.5212396744823,777.2618273238572,604.5212396744823,777.2618273238572
322,Shetland Islands,23.717232403201606,29.102152183756505,16.70139943664216,19.850425764673332,16.70139943664216,19.850425764673332
323,South Ayrshire,139.97090816436315,151.66034610231122,139.97090816436315,151.66034610231122,139.97090816436315,151.66034610231122
324,South Lanarkshire,288.5832538393325,351.1646146771403,288.5832538393325,351.1646146771403,288.5832538393325,351.1646146771403
325,Stirling,273.529556558904,385.5599385528317,188.14120073125207,238.27911322319272,188.14120073125207,238.27911322319272
326,Aberdeen City,7.966269770009955,6.549727415533086,7.966269770009955,6.549727415533086,7.966269770009955,6.549727415533086
327,Aberdeenshire,794.6782475132851,899.3652663274668,662.1880277424748,691.4555760922493,662.1880277424748,691.4555760922493
328,Argyll and Bute,810.0970893538259,1067.734904213063,711.5730181799419,911.2615161498504,711.5730181799419,911.2615161498504
329,City of Edinburgh,11.308435531717215,13.126756157496564,11.308435531717215,13.126756157496564,11.308435531717215,13.126756157496564
330,Renfrewshire,8.572104960117954,6.755570821467141,8.572104960117954,6.755570821467141,8.572104960117954,6.755570821467141
331,West Dunbartonshire,12.061499676363356,12.621209485229011,10.495457264910767,11.024065337664675,10.495457264910767,11.024065337664675
332,West Lothian,27.984789576807575,27.725209971160776,27.984789576807575,27.725209971160776,27.984789576807575,27.725209971160776
333,Angus,311.97854192126454,417.2920853844975,299.1835155438384,393.4116804605239,299.1835155438384,393.4116804605239
334,Dundee City,0.18546159920343136,0.18990571193704042,0.18546159920343136,0.18990571193704042,0.18546159920343136,0.18990571193704042
335,East Dunbartonshire,21.95514962252604,25.38413971339039,21.95514962252604,25.38413971339039,21.95514962252604,25.38413971339039
336,Fife,117.60982912984446,112.10531701982998,117.60982912984446,112.10531701982998,117.60982912984446,112.10531701982998
337,Perth and Kinross,825.7800115140607,1152.671757087859,631.038154529961,837.5320754643978,631.038154529961,837.5320754643978
338,Glasgow City,0.5835717085094975,0.393348748046875,0.5835717085094975,0.393348748046875,0.5835717085094975,0.393348748046875
339,North Lanarkshire,21.445343993958712,21.49543085501303,21.445343993958712,21.49543085501303,21.445343993958712,21.49543085501303
340,Isle of Anglesey,88.46636106174367,80.8537776737726,88.46636106174367,80.8537776737726,88.46636106174367,80.8537776737726
341,Gwynedd,219.6636609333314,322.07559260057053,79.21365184316979,93.5485817239889,79.21365184316979,93.5485817239889
342,Conwy,96.80231835735866,119.85773613390778,55.683743209007375,63.09088461714729,55.683743209007375,63.09088461714729
343,Denbighshire,26.058795069896984,29.51102598144914,26.058795069896984,29.51102598144914,26.058795069896984,29.51102598144914
344,Flintshire,14.218013905074285,12.422136653408394,14.218013905074285,12.422136653408394,14.218013905074285,12.422136653408394
345,Wrexham,18.830046431186815,19.20451654816559,18.830046431186815,19.20451654816559,18.830046431186815,19.20451654816559
346,Ceredigion,145.86355373757462,175.48879054024772,145.86355373757462,175.48879054024772,145.86355373757462,175.48879054024772
347,Pembrokeshire,117.64826514129899,118.70942044175088,59.74424660352329,56.62290424122242,59.74424660352329,56.62290424122242
348,Carmarthenshire,104.99795246342488,115.51953386805496,79.18881496489738,83.75566137184246,79.18881496489738,83.75566137184246
349,Swansea,24.112425247721355,25.400789705796186,24.112425247721355,25.400789705796186,24.112425247721355,25.400789705796186
350,Neath Port Talbot,17.882498762501918,17.098512865833698,17.882498762501918,17.098512865833698,17.882498762501918,17.098512865833698
351,Bridgend,14.712599455189183,17.661365035029874,14.712599455189183,17.661365035029874,14.712599455189183,17.661365035029874
352,Vale of Glamorgan,18.51768043292164,16.86871044431488,18.51768043292164,16.86871044431488,18.51768043292164,16.86871044431488
353,Cardiff,0.43440108739276956,0.39885643605813415,0.43440108739276956,0.39885643605813415,0.43440108739276956,0.39885643605813415
354,Rhondda Cynon Taf,32.17776473936695,35.934876961232376,17.79087605539981,20.84796257018803,17.79087605539981,20.84796257018803
355,Caerphilly,19.07616863195275,18.356360023826213,18.99889219143115,18.281585557791438,18.99889219143115,18.281585557791438
356,Blaenau Gwent,17.242698596650968,18.324368380369194,16.959880196597354,18.168622172717534,16.959880196597354,18.168622172717534
357,Torfaen,10.794247655353862,12.381917185359235,10.331695109160544,11.872445143598743,10.331695109160544,11.872445143598743
358,Monmouthshire,14.418420503473499,15.627794891199454,11.273357764648438,10.281882078125,10.125032845214843,9.071559780273438
359,Newport,2.616339708048023,1.5987975146484374,2.616339708048023,1.5987975146484374,2.616339708048023,1.5987975146484374
360,Powys,439.9670028295325,538.0791729400217,344.68450680063006,418.7858940043848,344.6276772354895,418.7269359987265
361,Merthyr Tydfil,19.10308373544537,19.698378617279406,7.913144127694162,8.02001882697036,7.913144127694162,8.02001882697036
